Front point,w1,w2,C (10^8 RMB),E (10^8 RMB),L (km),Rmin (m),ΔE vs knee (%),Zone
1,0.1,0.9,44.7799,11.1738,22.352,423,-18.73,Energy-priority
2,0.2,0.8,26.5427,13.2946,22.265,423,-3.31,Energy-priority
3,0.3,0.7,25.1446,13.4156,22.345,401,-2.43,Balanced
4,0.4,0.6,25.0532,13.4820,22.420,423,-1.95,Balanced
5,0.5,0.5,24.8733,13.6059,22.387,403,-1.04,Balanced
6,0.6,0.4,24.9143,13.6489,22.478,422,-0.73,Balanced
7,0.7,0.3,24.6091,13.7572,22.391,402,+0.06,Cost-priority
8,0.8,0.2,24.2398,13.9327,22.445,400,+1.33,Cost-priority
9,0.9,0.1,24.6395,13.9534,22.505,422,+1.48,Cost-priority
