evidence_scope,experiment,item,metric,value,unit,source,source_sha256
current-confirmatory-single-run,current W500 density anchored,M-A,C,2640614457.4676332,RMB,优化方案对比（平面、纵断面联合协同优化）/results/joint_results_w500_dens.json,e7c652922252f97f906c55cef550b9181a360d5bd6fbdf073db42ed97c22291d
current-confirmatory-single-run,current W500 density anchored,M-C,C,2420775527.7354116,RMB,优化方案对比（平面、纵断面联合协同优化）/results/joint_results_w500_dens.json,e7c652922252f97f906c55cef550b9181a360d5bd6fbdf073db42ed97c22291d
current-confirmatory-single-run,current W500 density anchored,M-A,E,1394604582.759719,RMB,优化方案对比（平面、纵断面联合协同优化）/results/joint_results_w500_dens.json,e7c652922252f97f906c55cef550b9181a360d5bd6fbdf073db42ed97c22291d
current-confirmatory-single-run,current W500 density anchored,M-C,E,1352775939.92705,RMB,优化方案对比（平面、纵断面联合协同优化）/results/joint_results_w500_dens.json,e7c652922252f97f906c55cef550b9181a360d5bd6fbdf073db42ed97c22291d
current-confirmatory-single-run,current W500 density anchored,M-A,E_fuel,1110723154.4208326,RMB,优化方案对比（平面、纵断面联合协同优化）/results/joint_results_w500_dens.json,e7c652922252f97f906c55cef550b9181a360d5bd6fbdf073db42ed97c22291d
current-confirmatory-single-run,current W500 density anchored,M-C,E_fuel,1079110829.8342245,RMB,优化方案对比（平面、纵断面联合协同优化）/results/joint_results_w500_dens.json,e7c652922252f97f906c55cef550b9181a360d5bd6fbdf073db42ed97c22291d
current-confirmatory-single-run,current W500 density anchored,M-A,E_ele,283881428.3388862,RMB,优化方案对比（平面、纵断面联合协同优化）/results/joint_results_w500_dens.json,e7c652922252f97f906c55cef550b9181a360d5bd6fbdf073db42ed97c22291d
current-confirmatory-single-run,current W500 density anchored,M-C,E_ele,273665110.0928258,RMB,优化方案对比（平面、纵断面联合协同优化）/results/joint_results_w500_dens.json,e7c652922252f97f906c55cef550b9181a360d5bd6fbdf073db42ed97c22291d
current-confirmatory-single-run,current W500 density anchored,M-A,L_km,22.461813999966367,km,优化方案对比（平面、纵断面联合协同优化）/results/joint_results_w500_dens.json,e7c652922252f97f906c55cef550b9181a360d5bd6fbdf073db42ed97c22291d
current-confirmatory-single-run,current W500 density anchored,M-C,L_km,22.474115096736103,km,优化方案对比（平面、纵断面联合协同优化）/results/joint_results_w500_dens.json,e7c652922252f97f906c55cef550b9181a360d5bd6fbdf073db42ed97c22291d
current-confirmatory-single-run,current W500 density anchored,M-A,Rmin,422.42787846545656,m,优化方案对比（平面、纵断面联合协同优化）/results/joint_results_w500_dens.json,e7c652922252f97f906c55cef550b9181a360d5bd6fbdf073db42ed97c22291d
current-confirmatory-single-run,current W500 density anchored,M-C,Rmin,420.9121783931568,m,优化方案对比（平面、纵断面联合协同优化）/results/joint_results_w500_dens.json,e7c652922252f97f906c55cef550b9181a360d5bd6fbdf073db42ed97c22291d
current-confirmatory-single-run,current W500 density anchored,M-A,Q_mean,3.3093457943925237,index,优化方案对比（平面、纵断面联合协同优化）/results/joint_results_w500_dens.json,e7c652922252f97f906c55cef550b9181a360d5bd6fbdf073db42ed97c22291d
current-confirmatory-single-run,current W500 density anchored,M-C,Q_mean,3.2978638184245663,index,优化方案对比（平面、纵断面联合协同优化）/results/joint_results_w500_dens.json,e7c652922252f97f906c55cef550b9181a360d5bd6fbdf073db42ed97c22291d
current-confirmatory-single-run,current W500 density anchored,M-A,CR,50494315.88999579,RMB,优化方案对比（平面、纵断面联合协同优化）/results/joint_results_w500_dens.json,e7c652922252f97f906c55cef550b9181a360d5bd6fbdf073db42ed97c22291d
current-confirmatory-single-run,current W500 density anchored,M-C,CR,50521968.84207194,RMB,优化方案对比（平面、纵断面联合协同优化）/results/joint_results_w500_dens.json,e7c652922252f97f906c55cef550b9181a360d5bd6fbdf073db42ed97c22291d
current-confirmatory-single-run,current W500 density anchored,M-A,CB,1815355118.976739,RMB,优化方案对比（平面、纵断面联合协同优化）/results/joint_results_w500_dens.json,e7c652922252f97f906c55cef550b9181a360d5bd6fbdf073db42ed97c22291d
current-confirmatory-single-run,current W500 density anchored,M-C,CB,1578590816.06862,RMB,优化方案对比（平面、纵断面联合协同优化）/results/joint_results_w500_dens.json,e7c652922252f97f906c55cef550b9181a360d5bd6fbdf073db42ed97c22291d
current-confirmatory-single-run,current W500 density anchored,M-A,CS,678346782.7989843,RMB,优化方案对比（平面、纵断面联合协同优化）/results/joint_results_w500_dens.json,e7c652922252f97f906c55cef550b9181a360d5bd6fbdf073db42ed97c22291d
current-confirmatory-single-run,current W500 density anchored,M-C,CS,678718275.9214302,RMB,优化方案对比（平面、纵断面联合协同优化）/results/joint_results_w500_dens.json,e7c652922252f97f906c55cef550b9181a360d5bd6fbdf073db42ed97c22291d
current-confirmatory-single-run,current W500 density anchored,M-A,CQ,29244919.175629057,RMB,优化方案对比（平面、纵断面联合协同优化）/results/joint_results_w500_dens.json,e7c652922252f97f906c55cef550b9181a360d5bd6fbdf073db42ed97c22291d
current-confirmatory-single-run,current W500 density anchored,M-C,CQ,30607704.27748855,RMB,优化方案对比（平面、纵断面联合协同优化）/results/joint_results_w500_dens.json,e7c652922252f97f906c55cef550b9181a360d5bd6fbdf073db42ed97c22291d
current-confirmatory-single-run,current W500 density anchored,M-A,C_TU,67173320.62628505,RMB,优化方案对比（平面、纵断面联合协同优化）/results/joint_results_w500_dens.json,e7c652922252f97f906c55cef550b9181a360d5bd6fbdf073db42ed97c22291d
current-confirmatory-single-run,current W500 density anchored,M-C,C_TU,82336762.62580079,RMB,优化方案对比（平面、纵断面联合协同优化）/results/joint_results_w500_dens.json,e7c652922252f97f906c55cef550b9181a360d5bd6fbdf073db42ed97c22291d
current-confirmatory-single-run,current W500 density anchored,M-A,L_dense1_km,2.0101623392668,km,优化方案对比（平面、纵断面联合协同优化）/results/joint_results_w500_dens.json,e7c652922252f97f906c55cef550b9181a360d5bd6fbdf073db42ed97c22291d
current-confirmatory-single-run,current W500 density anchored,M-C,L_dense1_km,1.590999243268497,km,优化方案对比（平面、纵断面联合协同优化）/results/joint_results_w500_dens.json,e7c652922252f97f906c55cef550b9181a360d5bd6fbdf073db42ed97c22291d
current-confirmatory-single-run,current W500 density anchored,M-A,L_dense2_km,0.0,km,优化方案对比（平面、纵断面联合协同优化）/results/joint_results_w500_dens.json,e7c652922252f97f906c55cef550b9181a360d5bd6fbdf073db42ed97c22291d
current-confirmatory-single-run,current W500 density anchored,M-C,L_dense2_km,0.0,km,优化方案对比（平面、纵断面联合协同优化）/results/joint_results_w500_dens.json,e7c652922252f97f906c55cef550b9181a360d5bd6fbdf073db42ed97c22291d
current-confirmatory-single-run,current W500 density anchored,M-A,penalty,0.0,dimensionless,优化方案对比（平面、纵断面联合协同优化）/results/joint_results_w500_dens.json,e7c652922252f97f906c55cef550b9181a360d5bd6fbdf073db42ed97c22291d
current-confirmatory-single-run,current W500 density anchored,M-C,penalty,0.0,dimensionless,优化方案对比（平面、纵断面联合协同优化）/results/joint_results_w500_dens.json,e7c652922252f97f906c55cef550b9181a360d5bd6fbdf073db42ed97c22291d
historical-exploratory-free-endpoint-unequal-NFE,ablation,V1 JS(基线),均值F,0.9133,F,消融实验/tables_5变体/表A2_各变体性能对比表.csv,40ab4ac5ea04f27af60561503c5398a342db0f1c6ab595a5d2d210a76859f8f7
historical-exploratory-free-endpoint-unequal-NFE,ablation,V1 JS(基线),标准差,0.0637,F,消融实验/tables_5变体/表A2_各变体性能对比表.csv,40ab4ac5ea04f27af60561503c5398a342db0f1c6ab595a5d2d210a76859f8f7
historical-exploratory-free-endpoint-unequal-NFE,ablation,V1 JS(基线),每代NFE(×pop),1,population-equivalent,消融实验/tables_5变体/表A2_各变体性能对比表.csv,40ab4ac5ea04f27af60561503c5398a342db0f1c6ab595a5d2d210a76859f8f7
historical-exploratory-free-endpoint-unequal-NFE,ablation,V2 JS+Tent,均值F,0.8989,F,消融实验/tables_5变体/表A2_各变体性能对比表.csv,40ab4ac5ea04f27af60561503c5398a342db0f1c6ab595a5d2d210a76859f8f7
historical-exploratory-free-endpoint-unequal-NFE,ablation,V2 JS+Tent,标准差,0.0605,F,消融实验/tables_5变体/表A2_各变体性能对比表.csv,40ab4ac5ea04f27af60561503c5398a342db0f1c6ab595a5d2d210a76859f8f7
historical-exploratory-free-endpoint-unequal-NFE,ablation,V2 JS+Tent,每代NFE(×pop),1,population-equivalent,消融实验/tables_5变体/表A2_各变体性能对比表.csv,40ab4ac5ea04f27af60561503c5398a342db0f1c6ab595a5d2d210a76859f8f7
historical-exploratory-free-endpoint-unequal-NFE,ablation,V3 JS+Levy,均值F,0.8787,F,消融实验/tables_5变体/表A2_各变体性能对比表.csv,40ab4ac5ea04f27af60561503c5398a342db0f1c6ab595a5d2d210a76859f8f7
historical-exploratory-free-endpoint-unequal-NFE,ablation,V3 JS+Levy,标准差,0.0558,F,消融实验/tables_5变体/表A2_各变体性能对比表.csv,40ab4ac5ea04f27af60561503c5398a342db0f1c6ab595a5d2d210a76859f8f7
historical-exploratory-free-endpoint-unequal-NFE,ablation,V3 JS+Levy,每代NFE(×pop),2,population-equivalent,消融实验/tables_5变体/表A2_各变体性能对比表.csv,40ab4ac5ea04f27af60561503c5398a342db0f1c6ab595a5d2d210a76859f8f7
historical-exploratory-free-endpoint-unequal-NFE,ablation,V4 JS+DE,均值F,0.6926,F,消融实验/tables_5变体/表A2_各变体性能对比表.csv,40ab4ac5ea04f27af60561503c5398a342db0f1c6ab595a5d2d210a76859f8f7
historical-exploratory-free-endpoint-unequal-NFE,ablation,V4 JS+DE,标准差,0.0315,F,消融实验/tables_5变体/表A2_各变体性能对比表.csv,40ab4ac5ea04f27af60561503c5398a342db0f1c6ab595a5d2d210a76859f8f7
historical-exploratory-free-endpoint-unequal-NFE,ablation,V4 JS+DE,每代NFE(×pop),2,population-equivalent,消融实验/tables_5变体/表A2_各变体性能对比表.csv,40ab4ac5ea04f27af60561503c5398a342db0f1c6ab595a5d2d210a76859f8f7
historical-exploratory-free-endpoint-unequal-NFE,ablation,V5 IJS(完整),均值F,0.6808,F,消融实验/tables_5变体/表A2_各变体性能对比表.csv,40ab4ac5ea04f27af60561503c5398a342db0f1c6ab595a5d2d210a76859f8f7
historical-exploratory-free-endpoint-unequal-NFE,ablation,V5 IJS(完整),标准差,0.0340,F,消融实验/tables_5变体/表A2_各变体性能对比表.csv,40ab4ac5ea04f27af60561503c5398a342db0f1c6ab595a5d2d210a76859f8f7
historical-exploratory-free-endpoint-unequal-NFE,ablation,V5 IJS(完整),每代NFE(×pop),3,population-equivalent,消融实验/tables_5变体/表A2_各变体性能对比表.csv,40ab4ac5ea04f27af60561503c5398a342db0f1c6ab595a5d2d210a76859f8f7
historical-exploratory-free-endpoint-unequal-NFE,benchmark PJ1,IJS,Mean F,0.6617,F,多算法对比/tables/表B2_PJ1_算法最优均值标准差与统计检验汇总表.csv,bf651586d9e03a0a8c45c5b9327e632d6c62e98ea095a786f165a2d16baa7485
historical-exploratory-free-endpoint-unequal-NFE,benchmark PJ1,IJS,Std F,0.0051,F,多算法对比/tables/表B2_PJ1_算法最优均值标准差与统计检验汇总表.csv,bf651586d9e03a0a8c45c5b9327e632d6c62e98ea095a786f165a2d16baa7485
historical-exploratory-free-endpoint-unequal-NFE,benchmark PJ1,IJS,Wilcoxon p (vs IJS),-,p,多算法对比/tables/表B2_PJ1_算法最优均值标准差与统计检验汇总表.csv,bf651586d9e03a0a8c45c5b9327e632d6c62e98ea095a786f165a2d16baa7485
historical-exploratory-free-endpoint-unequal-NFE,benchmark PJ1,JS,Mean F,0.6771,F,多算法对比/tables/表B2_PJ1_算法最优均值标准差与统计检验汇总表.csv,bf651586d9e03a0a8c45c5b9327e632d6c62e98ea095a786f165a2d16baa7485
historical-exploratory-free-endpoint-unequal-NFE,benchmark PJ1,JS,Std F,0.0052,F,多算法对比/tables/表B2_PJ1_算法最优均值标准差与统计检验汇总表.csv,bf651586d9e03a0a8c45c5b9327e632d6c62e98ea095a786f165a2d16baa7485
historical-exploratory-free-endpoint-unequal-NFE,benchmark PJ1,JS,Wilcoxon p (vs IJS),5.07e-04,p,多算法对比/tables/表B2_PJ1_算法最优均值标准差与统计检验汇总表.csv,bf651586d9e03a0a8c45c5b9327e632d6c62e98ea095a786f165a2d16baa7485
historical-exploratory-free-endpoint-unequal-NFE,benchmark PJ1,NSGA-II,Mean F,0.6792,F,多算法对比/tables/表B2_PJ1_算法最优均值标准差与统计检验汇总表.csv,bf651586d9e03a0a8c45c5b9327e632d6c62e98ea095a786f165a2d16baa7485
historical-exploratory-free-endpoint-unequal-NFE,benchmark PJ1,NSGA-II,Std F,0.0045,F,多算法对比/tables/表B2_PJ1_算法最优均值标准差与统计检验汇总表.csv,bf651586d9e03a0a8c45c5b9327e632d6c62e98ea095a786f165a2d16baa7485
historical-exploratory-free-endpoint-unequal-NFE,benchmark PJ1,NSGA-II,Wilcoxon p (vs IJS),1.57e-04,p,多算法对比/tables/表B2_PJ1_算法最优均值标准差与统计检验汇总表.csv,bf651586d9e03a0a8c45c5b9327e632d6c62e98ea095a786f165a2d16baa7485
historical-exploratory-free-endpoint-unequal-NFE,benchmark PJ1,GA,Mean F,0.7103,F,多算法对比/tables/表B2_PJ1_算法最优均值标准差与统计检验汇总表.csv,bf651586d9e03a0a8c45c5b9327e632d6c62e98ea095a786f165a2d16baa7485
historical-exploratory-free-endpoint-unequal-NFE,benchmark PJ1,GA,Std F,0.0088,F,多算法对比/tables/表B2_PJ1_算法最优均值标准差与统计检验汇总表.csv,bf651586d9e03a0a8c45c5b9327e632d6c62e98ea095a786f165a2d16baa7485
historical-exploratory-free-endpoint-unequal-NFE,benchmark PJ1,GA,Wilcoxon p (vs IJS),1.57e-04,p,多算法对比/tables/表B2_PJ1_算法最优均值标准差与统计检验汇总表.csv,bf651586d9e03a0a8c45c5b9327e632d6c62e98ea095a786f165a2d16baa7485
historical-exploratory-free-endpoint-unequal-NFE,benchmark PJ1,PSO,Mean F,0.7023,F,多算法对比/tables/表B2_PJ1_算法最优均值标准差与统计检验汇总表.csv,bf651586d9e03a0a8c45c5b9327e632d6c62e98ea095a786f165a2d16baa7485
historical-exploratory-free-endpoint-unequal-NFE,benchmark PJ1,PSO,Std F,0.0116,F,多算法对比/tables/表B2_PJ1_算法最优均值标准差与统计检验汇总表.csv,bf651586d9e03a0a8c45c5b9327e632d6c62e98ea095a786f165a2d16baa7485
historical-exploratory-free-endpoint-unequal-NFE,benchmark PJ1,PSO,Wilcoxon p (vs IJS),1.57e-04,p,多算法对比/tables/表B2_PJ1_算法最优均值标准差与统计检验汇总表.csv,bf651586d9e03a0a8c45c5b9327e632d6c62e98ea095a786f165a2d16baa7485
historical-exploratory-free-endpoint-unequal-NFE,benchmark PJ1,GWO,Mean F,0.6843,F,多算法对比/tables/表B2_PJ1_算法最优均值标准差与统计检验汇总表.csv,bf651586d9e03a0a8c45c5b9327e632d6c62e98ea095a786f165a2d16baa7485
historical-exploratory-free-endpoint-unequal-NFE,benchmark PJ1,GWO,Std F,0.0065,F,多算法对比/tables/表B2_PJ1_算法最优均值标准差与统计检验汇总表.csv,bf651586d9e03a0a8c45c5b9327e632d6c62e98ea095a786f165a2d16baa7485
historical-exploratory-free-endpoint-unequal-NFE,benchmark PJ1,GWO,Wilcoxon p (vs IJS),2.12e-04,p,多算法对比/tables/表B2_PJ1_算法最优均值标准差与统计检验汇总表.csv,bf651586d9e03a0a8c45c5b9327e632d6c62e98ea095a786f165a2d16baa7485
historical-exploratory-free-endpoint-unequal-NFE,benchmark PJ2,IJS,Mean F,0.5986,F,多算法对比/tables/表B2_PJ2_算法最优均值标准差与统计检验汇总表.csv,99d2fe64adce45e0d47ddfb52d2a4bc07a4388ad5125ac3d90b7ab7beba8efa9
historical-exploratory-free-endpoint-unequal-NFE,benchmark PJ2,IJS,Std F,0.0045,F,多算法对比/tables/表B2_PJ2_算法最优均值标准差与统计检验汇总表.csv,99d2fe64adce45e0d47ddfb52d2a4bc07a4388ad5125ac3d90b7ab7beba8efa9
historical-exploratory-free-endpoint-unequal-NFE,benchmark PJ2,IJS,Wilcoxon p (vs IJS),-,p,多算法对比/tables/表B2_PJ2_算法最优均值标准差与统计检验汇总表.csv,99d2fe64adce45e0d47ddfb52d2a4bc07a4388ad5125ac3d90b7ab7beba8efa9
historical-exploratory-free-endpoint-unequal-NFE,benchmark PJ2,JS,Mean F,0.6104,F,多算法对比/tables/表B2_PJ2_算法最优均值标准差与统计检验汇总表.csv,99d2fe64adce45e0d47ddfb52d2a4bc07a4388ad5125ac3d90b7ab7beba8efa9
historical-exploratory-free-endpoint-unequal-NFE,benchmark PJ2,JS,Std F,0.0049,F,多算法对比/tables/表B2_PJ2_算法最优均值标准差与统计检验汇总表.csv,99d2fe64adce45e0d47ddfb52d2a4bc07a4388ad5125ac3d90b7ab7beba8efa9
historical-exploratory-free-endpoint-unequal-NFE,benchmark PJ2,JS,Wilcoxon p (vs IJS),8.81e-04,p,多算法对比/tables/表B2_PJ2_算法最优均值标准差与统计检验汇总表.csv,99d2fe64adce45e0d47ddfb52d2a4bc07a4388ad5125ac3d90b7ab7beba8efa9
historical-exploratory-free-endpoint-unequal-NFE,benchmark PJ2,NSGA-II,Mean F,0.6240,F,多算法对比/tables/表B2_PJ2_算法最优均值标准差与统计检验汇总表.csv,99d2fe64adce45e0d47ddfb52d2a4bc07a4388ad5125ac3d90b7ab7beba8efa9
historical-exploratory-free-endpoint-unequal-NFE,benchmark PJ2,NSGA-II,Std F,0.0057,F,多算法对比/tables/表B2_PJ2_算法最优均值标准差与统计检验汇总表.csv,99d2fe64adce45e0d47ddfb52d2a4bc07a4388ad5125ac3d90b7ab7beba8efa9
historical-exploratory-free-endpoint-unequal-NFE,benchmark PJ2,NSGA-II,Wilcoxon p (vs IJS),1.57e-04,p,多算法对比/tables/表B2_PJ2_算法最优均值标准差与统计检验汇总表.csv,99d2fe64adce45e0d47ddfb52d2a4bc07a4388ad5125ac3d90b7ab7beba8efa9
historical-exploratory-free-endpoint-unequal-NFE,benchmark PJ2,GA,Mean F,0.6478,F,多算法对比/tables/表B2_PJ2_算法最优均值标准差与统计检验汇总表.csv,99d2fe64adce45e0d47ddfb52d2a4bc07a4388ad5125ac3d90b7ab7beba8efa9
historical-exploratory-free-endpoint-unequal-NFE,benchmark PJ2,GA,Std F,0.0171,F,多算法对比/tables/表B2_PJ2_算法最优均值标准差与统计检验汇总表.csv,99d2fe64adce45e0d47ddfb52d2a4bc07a4388ad5125ac3d90b7ab7beba8efa9
historical-exploratory-free-endpoint-unequal-NFE,benchmark PJ2,GA,Wilcoxon p (vs IJS),1.57e-04,p,多算法对比/tables/表B2_PJ2_算法最优均值标准差与统计检验汇总表.csv,99d2fe64adce45e0d47ddfb52d2a4bc07a4388ad5125ac3d90b7ab7beba8efa9
historical-exploratory-free-endpoint-unequal-NFE,benchmark PJ2,PSO,Mean F,0.6370,F,多算法对比/tables/表B2_PJ2_算法最优均值标准差与统计检验汇总表.csv,99d2fe64adce45e0d47ddfb52d2a4bc07a4388ad5125ac3d90b7ab7beba8efa9
historical-exploratory-free-endpoint-unequal-NFE,benchmark PJ2,PSO,Std F,0.0113,F,多算法对比/tables/表B2_PJ2_算法最优均值标准差与统计检验汇总表.csv,99d2fe64adce45e0d47ddfb52d2a4bc07a4388ad5125ac3d90b7ab7beba8efa9
historical-exploratory-free-endpoint-unequal-NFE,benchmark PJ2,PSO,Wilcoxon p (vs IJS),1.57e-04,p,多算法对比/tables/表B2_PJ2_算法最优均值标准差与统计检验汇总表.csv,99d2fe64adce45e0d47ddfb52d2a4bc07a4388ad5125ac3d90b7ab7beba8efa9
historical-exploratory-free-endpoint-unequal-NFE,benchmark PJ2,GWO,Mean F,0.6194,F,多算法对比/tables/表B2_PJ2_算法最优均值标准差与统计检验汇总表.csv,99d2fe64adce45e0d47ddfb52d2a4bc07a4388ad5125ac3d90b7ab7beba8efa9
historical-exploratory-free-endpoint-unequal-NFE,benchmark PJ2,GWO,Std F,0.0070,F,多算法对比/tables/表B2_PJ2_算法最优均值标准差与统计检验汇总表.csv,99d2fe64adce45e0d47ddfb52d2a4bc07a4388ad5125ac3d90b7ab7beba8efa9
historical-exploratory-free-endpoint-unequal-NFE,benchmark PJ2,GWO,Wilcoxon p (vs IJS),1.57e-04,p,多算法对比/tables/表B2_PJ2_算法最优均值标准差与统计检验汇总表.csv,99d2fe64adce45e0d47ddfb52d2a4bc07a4388ad5125ac3d90b7ab7beba8efa9
historical-exploratory-free-endpoint-unequal-NFE,benchmark PJ3,IJS,Mean F,0.7087,F,多算法对比/tables/表B2_PJ3_算法最优均值标准差与统计检验汇总表.csv,848f5f5a55a4c84142614bc975aa8f5e6a9844f5d44512071dfa0eef7019beef
historical-exploratory-free-endpoint-unequal-NFE,benchmark PJ3,IJS,Std F,0.0045,F,多算法对比/tables/表B2_PJ3_算法最优均值标准差与统计检验汇总表.csv,848f5f5a55a4c84142614bc975aa8f5e6a9844f5d44512071dfa0eef7019beef
historical-exploratory-free-endpoint-unequal-NFE,benchmark PJ3,IJS,Wilcoxon p (vs IJS),-,p,多算法对比/tables/表B2_PJ3_算法最优均值标准差与统计检验汇总表.csv,848f5f5a55a4c84142614bc975aa8f5e6a9844f5d44512071dfa0eef7019beef
historical-exploratory-free-endpoint-unequal-NFE,benchmark PJ3,JS,Mean F,0.7237,F,多算法对比/tables/表B2_PJ3_算法最优均值标准差与统计检验汇总表.csv,848f5f5a55a4c84142614bc975aa8f5e6a9844f5d44512071dfa0eef7019beef
historical-exploratory-free-endpoint-unequal-NFE,benchmark PJ3,JS,Std F,0.0063,F,多算法对比/tables/表B2_PJ3_算法最优均值标准差与统计检验汇总表.csv,848f5f5a55a4c84142614bc975aa8f5e6a9844f5d44512071dfa0eef7019beef
historical-exploratory-free-endpoint-unequal-NFE,benchmark PJ3,JS,Wilcoxon p (vs IJS),5.07e-04,p,多算法对比/tables/表B2_PJ3_算法最优均值标准差与统计检验汇总表.csv,848f5f5a55a4c84142614bc975aa8f5e6a9844f5d44512071dfa0eef7019beef
historical-exploratory-free-endpoint-unequal-NFE,benchmark PJ3,NSGA-II,Mean F,0.7282,F,多算法对比/tables/表B2_PJ3_算法最优均值标准差与统计检验汇总表.csv,848f5f5a55a4c84142614bc975aa8f5e6a9844f5d44512071dfa0eef7019beef
historical-exploratory-free-endpoint-unequal-NFE,benchmark PJ3,NSGA-II,Std F,0.0053,F,多算法对比/tables/表B2_PJ3_算法最优均值标准差与统计检验汇总表.csv,848f5f5a55a4c84142614bc975aa8f5e6a9844f5d44512071dfa0eef7019beef
historical-exploratory-free-endpoint-unequal-NFE,benchmark PJ3,NSGA-II,Wilcoxon p (vs IJS),1.57e-04,p,多算法对比/tables/表B2_PJ3_算法最优均值标准差与统计检验汇总表.csv,848f5f5a55a4c84142614bc975aa8f5e6a9844f5d44512071dfa0eef7019beef
historical-exploratory-free-endpoint-unequal-NFE,benchmark PJ3,GA,Mean F,0.7515,F,多算法对比/tables/表B2_PJ3_算法最优均值标准差与统计检验汇总表.csv,848f5f5a55a4c84142614bc975aa8f5e6a9844f5d44512071dfa0eef7019beef
historical-exploratory-free-endpoint-unequal-NFE,benchmark PJ3,GA,Std F,0.0090,F,多算法对比/tables/表B2_PJ3_算法最优均值标准差与统计检验汇总表.csv,848f5f5a55a4c84142614bc975aa8f5e6a9844f5d44512071dfa0eef7019beef
historical-exploratory-free-endpoint-unequal-NFE,benchmark PJ3,GA,Wilcoxon p (vs IJS),1.57e-04,p,多算法对比/tables/表B2_PJ3_算法最优均值标准差与统计检验汇总表.csv,848f5f5a55a4c84142614bc975aa8f5e6a9844f5d44512071dfa0eef7019beef
historical-exploratory-free-endpoint-unequal-NFE,benchmark PJ3,PSO,Mean F,0.7436,F,多算法对比/tables/表B2_PJ3_算法最优均值标准差与统计检验汇总表.csv,848f5f5a55a4c84142614bc975aa8f5e6a9844f5d44512071dfa0eef7019beef
historical-exploratory-free-endpoint-unequal-NFE,benchmark PJ3,PSO,Std F,0.0070,F,多算法对比/tables/表B2_PJ3_算法最优均值标准差与统计检验汇总表.csv,848f5f5a55a4c84142614bc975aa8f5e6a9844f5d44512071dfa0eef7019beef
historical-exploratory-free-endpoint-unequal-NFE,benchmark PJ3,PSO,Wilcoxon p (vs IJS),1.57e-04,p,多算法对比/tables/表B2_PJ3_算法最优均值标准差与统计检验汇总表.csv,848f5f5a55a4c84142614bc975aa8f5e6a9844f5d44512071dfa0eef7019beef
historical-exploratory-free-endpoint-unequal-NFE,benchmark PJ3,GWO,Mean F,0.7233,F,多算法对比/tables/表B2_PJ3_算法最优均值标准差与统计检验汇总表.csv,848f5f5a55a4c84142614bc975aa8f5e6a9844f5d44512071dfa0eef7019beef
historical-exploratory-free-endpoint-unequal-NFE,benchmark PJ3,GWO,Std F,0.0046,F,多算法对比/tables/表B2_PJ3_算法最优均值标准差与统计检验汇总表.csv,848f5f5a55a4c84142614bc975aa8f5e6a9844f5d44512071dfa0eef7019beef
historical-exploratory-free-endpoint-unequal-NFE,benchmark PJ3,GWO,Wilcoxon p (vs IJS),3.81e-04,p,多算法对比/tables/表B2_PJ3_算法最优均值标准差与统计检验汇总表.csv,848f5f5a55a4c84142614bc975aa8f5e6a9844f5d44512071dfa0eef7019beef
historical-exploratory-free-endpoint-unequal-NFE,benchmark PJ4,IJS,Mean F,0.7090,F,多算法对比/tables/表B2_PJ4_算法最优均值标准差与统计检验汇总表.csv,84b59d85ee8a3f341f5a3654e835ec893e89a4a3c1bf99d32acc9227a46fb8d0
historical-exploratory-free-endpoint-unequal-NFE,benchmark PJ4,IJS,Std F,0.0033,F,多算法对比/tables/表B2_PJ4_算法最优均值标准差与统计检验汇总表.csv,84b59d85ee8a3f341f5a3654e835ec893e89a4a3c1bf99d32acc9227a46fb8d0
historical-exploratory-free-endpoint-unequal-NFE,benchmark PJ4,IJS,Wilcoxon p (vs IJS),-,p,多算法对比/tables/表B2_PJ4_算法最优均值标准差与统计检验汇总表.csv,84b59d85ee8a3f341f5a3654e835ec893e89a4a3c1bf99d32acc9227a46fb8d0
historical-exploratory-free-endpoint-unequal-NFE,benchmark PJ4,JS,Mean F,0.7215,F,多算法对比/tables/表B2_PJ4_算法最优均值标准差与统计检验汇总表.csv,84b59d85ee8a3f341f5a3654e835ec893e89a4a3c1bf99d32acc9227a46fb8d0
historical-exploratory-free-endpoint-unequal-NFE,benchmark PJ4,JS,Std F,0.0066,F,多算法对比/tables/表B2_PJ4_算法最优均值标准差与统计检验汇总表.csv,84b59d85ee8a3f341f5a3654e835ec893e89a4a3c1bf99d32acc9227a46fb8d0
historical-exploratory-free-endpoint-unequal-NFE,benchmark PJ4,JS,Wilcoxon p (vs IJS),3.81e-04,p,多算法对比/tables/表B2_PJ4_算法最优均值标准差与统计检验汇总表.csv,84b59d85ee8a3f341f5a3654e835ec893e89a4a3c1bf99d32acc9227a46fb8d0
historical-exploratory-free-endpoint-unequal-NFE,benchmark PJ4,NSGA-II,Mean F,0.7287,F,多算法对比/tables/表B2_PJ4_算法最优均值标准差与统计检验汇总表.csv,84b59d85ee8a3f341f5a3654e835ec893e89a4a3c1bf99d32acc9227a46fb8d0
historical-exploratory-free-endpoint-unequal-NFE,benchmark PJ4,NSGA-II,Std F,0.0080,F,多算法对比/tables/表B2_PJ4_算法最优均值标准差与统计检验汇总表.csv,84b59d85ee8a3f341f5a3654e835ec893e89a4a3c1bf99d32acc9227a46fb8d0
historical-exploratory-free-endpoint-unequal-NFE,benchmark PJ4,NSGA-II,Wilcoxon p (vs IJS),1.57e-04,p,多算法对比/tables/表B2_PJ4_算法最优均值标准差与统计检验汇总表.csv,84b59d85ee8a3f341f5a3654e835ec893e89a4a3c1bf99d32acc9227a46fb8d0
historical-exploratory-free-endpoint-unequal-NFE,benchmark PJ4,GA,Mean F,0.7489,F,多算法对比/tables/表B2_PJ4_算法最优均值标准差与统计检验汇总表.csv,84b59d85ee8a3f341f5a3654e835ec893e89a4a3c1bf99d32acc9227a46fb8d0
historical-exploratory-free-endpoint-unequal-NFE,benchmark PJ4,GA,Std F,0.0071,F,多算法对比/tables/表B2_PJ4_算法最优均值标准差与统计检验汇总表.csv,84b59d85ee8a3f341f5a3654e835ec893e89a4a3c1bf99d32acc9227a46fb8d0
historical-exploratory-free-endpoint-unequal-NFE,benchmark PJ4,GA,Wilcoxon p (vs IJS),1.57e-04,p,多算法对比/tables/表B2_PJ4_算法最优均值标准差与统计检验汇总表.csv,84b59d85ee8a3f341f5a3654e835ec893e89a4a3c1bf99d32acc9227a46fb8d0
historical-exploratory-free-endpoint-unequal-NFE,benchmark PJ4,PSO,Mean F,0.7632,F,多算法对比/tables/表B2_PJ4_算法最优均值标准差与统计检验汇总表.csv,84b59d85ee8a3f341f5a3654e835ec893e89a4a3c1bf99d32acc9227a46fb8d0
historical-exploratory-free-endpoint-unequal-NFE,benchmark PJ4,PSO,Std F,0.0072,F,多算法对比/tables/表B2_PJ4_算法最优均值标准差与统计检验汇总表.csv,84b59d85ee8a3f341f5a3654e835ec893e89a4a3c1bf99d32acc9227a46fb8d0
historical-exploratory-free-endpoint-unequal-NFE,benchmark PJ4,PSO,Wilcoxon p (vs IJS),1.57e-04,p,多算法对比/tables/表B2_PJ4_算法最优均值标准差与统计检验汇总表.csv,84b59d85ee8a3f341f5a3654e835ec893e89a4a3c1bf99d32acc9227a46fb8d0
historical-exploratory-free-endpoint-unequal-NFE,benchmark PJ4,GWO,Mean F,0.7276,F,多算法对比/tables/表B2_PJ4_算法最优均值标准差与统计检验汇总表.csv,84b59d85ee8a3f341f5a3654e835ec893e89a4a3c1bf99d32acc9227a46fb8d0
historical-exploratory-free-endpoint-unequal-NFE,benchmark PJ4,GWO,Std F,0.0070,F,多算法对比/tables/表B2_PJ4_算法最优均值标准差与统计检验汇总表.csv,84b59d85ee8a3f341f5a3654e835ec893e89a4a3c1bf99d32acc9227a46fb8d0
historical-exploratory-free-endpoint-unequal-NFE,benchmark PJ4,GWO,Wilcoxon p (vs IJS),2.12e-04,p,多算法对比/tables/表B2_PJ4_算法最优均值标准差与统计检验汇总表.csv,84b59d85ee8a3f341f5a3654e835ec893e89a4a3c1bf99d32acc9227a46fb8d0
historical-exploratory-free-endpoint-unequal-NFE,benchmark PJ5,IJS,Mean F,0.7778,F,多算法对比/tables/表B2_PJ5_算法最优均值标准差与统计检验汇总表.csv,e2dbbfc109da9d84931237691768da1dc6ecf634f516e59ef7aa980d7d4a795a
historical-exploratory-free-endpoint-unequal-NFE,benchmark PJ5,IJS,Std F,0.0078,F,多算法对比/tables/表B2_PJ5_算法最优均值标准差与统计检验汇总表.csv,e2dbbfc109da9d84931237691768da1dc6ecf634f516e59ef7aa980d7d4a795a
historical-exploratory-free-endpoint-unequal-NFE,benchmark PJ5,IJS,Wilcoxon p (vs IJS),-,p,多算法对比/tables/表B2_PJ5_算法最优均值标准差与统计检验汇总表.csv,e2dbbfc109da9d84931237691768da1dc6ecf634f516e59ef7aa980d7d4a795a
historical-exploratory-free-endpoint-unequal-NFE,benchmark PJ5,JS,Mean F,0.7954,F,多算法对比/tables/表B2_PJ5_算法最优均值标准差与统计检验汇总表.csv,e2dbbfc109da9d84931237691768da1dc6ecf634f516e59ef7aa980d7d4a795a
historical-exploratory-free-endpoint-unequal-NFE,benchmark PJ5,JS,Std F,0.0020,F,多算法对比/tables/表B2_PJ5_算法最优均值标准差与统计检验汇总表.csv,e2dbbfc109da9d84931237691768da1dc6ecf634f516e59ef7aa980d7d4a795a
historical-exploratory-free-endpoint-unequal-NFE,benchmark PJ5,JS,Wilcoxon p (vs IJS),1.57e-04,p,多算法对比/tables/表B2_PJ5_算法最优均值标准差与统计检验汇总表.csv,e2dbbfc109da9d84931237691768da1dc6ecf634f516e59ef7aa980d7d4a795a
historical-exploratory-free-endpoint-unequal-NFE,benchmark PJ5,NSGA-II,Mean F,0.8104,F,多算法对比/tables/表B2_PJ5_算法最优均值标准差与统计检验汇总表.csv,e2dbbfc109da9d84931237691768da1dc6ecf634f516e59ef7aa980d7d4a795a
historical-exploratory-free-endpoint-unequal-NFE,benchmark PJ5,NSGA-II,Std F,0.0084,F,多算法对比/tables/表B2_PJ5_算法最优均值标准差与统计检验汇总表.csv,e2dbbfc109da9d84931237691768da1dc6ecf634f516e59ef7aa980d7d4a795a
historical-exploratory-free-endpoint-unequal-NFE,benchmark PJ5,NSGA-II,Wilcoxon p (vs IJS),1.57e-04,p,多算法对比/tables/表B2_PJ5_算法最优均值标准差与统计检验汇总表.csv,e2dbbfc109da9d84931237691768da1dc6ecf634f516e59ef7aa980d7d4a795a
historical-exploratory-free-endpoint-unequal-NFE,benchmark PJ5,GA,Mean F,5.3906,F,多算法对比/tables/表B2_PJ5_算法最优均值标准差与统计检验汇总表.csv,e2dbbfc109da9d84931237691768da1dc6ecf634f516e59ef7aa980d7d4a795a
historical-exploratory-free-endpoint-unequal-NFE,benchmark PJ5,GA,Std F,0.5481,F,多算法对比/tables/表B2_PJ5_算法最优均值标准差与统计检验汇总表.csv,e2dbbfc109da9d84931237691768da1dc6ecf634f516e59ef7aa980d7d4a795a
historical-exploratory-free-endpoint-unequal-NFE,benchmark PJ5,GA,Wilcoxon p (vs IJS),1.57e-04,p,多算法对比/tables/表B2_PJ5_算法最优均值标准差与统计检验汇总表.csv,e2dbbfc109da9d84931237691768da1dc6ecf634f516e59ef7aa980d7d4a795a
historical-exploratory-free-endpoint-unequal-NFE,benchmark PJ5,PSO,Mean F,9.1988,F,多算法对比/tables/表B2_PJ5_算法最优均值标准差与统计检验汇总表.csv,e2dbbfc109da9d84931237691768da1dc6ecf634f516e59ef7aa980d7d4a795a
historical-exploratory-free-endpoint-unequal-NFE,benchmark PJ5,PSO,Std F,0.9109,F,多算法对比/tables/表B2_PJ5_算法最优均值标准差与统计检验汇总表.csv,e2dbbfc109da9d84931237691768da1dc6ecf634f516e59ef7aa980d7d4a795a
historical-exploratory-free-endpoint-unequal-NFE,benchmark PJ5,PSO,Wilcoxon p (vs IJS),1.57e-04,p,多算法对比/tables/表B2_PJ5_算法最优均值标准差与统计检验汇总表.csv,e2dbbfc109da9d84931237691768da1dc6ecf634f516e59ef7aa980d7d4a795a
historical-exploratory-free-endpoint-unequal-NFE,benchmark PJ5,GWO,Mean F,1.1104,F,多算法对比/tables/表B2_PJ5_算法最优均值标准差与统计检验汇总表.csv,e2dbbfc109da9d84931237691768da1dc6ecf634f516e59ef7aa980d7d4a795a
historical-exploratory-free-endpoint-unequal-NFE,benchmark PJ5,GWO,Std F,0.0158,F,多算法对比/tables/表B2_PJ5_算法最优均值标准差与统计检验汇总表.csv,e2dbbfc109da9d84931237691768da1dc6ecf634f516e59ef7aa980d7d4a795a
historical-exploratory-free-endpoint-unequal-NFE,benchmark PJ5,GWO,Wilcoxon p (vs IJS),1.57e-04,p,多算法对比/tables/表B2_PJ5_算法最优均值标准差与统计检验汇总表.csv,e2dbbfc109da9d84931237691768da1dc6ecf634f516e59ef7aa980d7d4a795a
historical-exploratory-free-endpoint-unequal-NFE,benchmark PJ6,IJS,Mean F,0.8333,F,多算法对比/tables/表B2_PJ6_算法最优均值标准差与统计检验汇总表.csv,9c3190e0afc3dbcbd23cc3185e4be64d84c13a885ae31b7e6cb8afe6442dd22c
historical-exploratory-free-endpoint-unequal-NFE,benchmark PJ6,IJS,Std F,0.0019,F,多算法对比/tables/表B2_PJ6_算法最优均值标准差与统计检验汇总表.csv,9c3190e0afc3dbcbd23cc3185e4be64d84c13a885ae31b7e6cb8afe6442dd22c
historical-exploratory-free-endpoint-unequal-NFE,benchmark PJ6,IJS,Wilcoxon p (vs IJS),-,p,多算法对比/tables/表B2_PJ6_算法最优均值标准差与统计检验汇总表.csv,9c3190e0afc3dbcbd23cc3185e4be64d84c13a885ae31b7e6cb8afe6442dd22c
historical-exploratory-free-endpoint-unequal-NFE,benchmark PJ6,JS,Mean F,0.8563,F,多算法对比/tables/表B2_PJ6_算法最优均值标准差与统计检验汇总表.csv,9c3190e0afc3dbcbd23cc3185e4be64d84c13a885ae31b7e6cb8afe6442dd22c
historical-exploratory-free-endpoint-unequal-NFE,benchmark PJ6,JS,Std F,0.0060,F,多算法对比/tables/表B2_PJ6_算法最优均值标准差与统计检验汇总表.csv,9c3190e0afc3dbcbd23cc3185e4be64d84c13a885ae31b7e6cb8afe6442dd22c
historical-exploratory-free-endpoint-unequal-NFE,benchmark PJ6,JS,Wilcoxon p (vs IJS),1.57e-04,p,多算法对比/tables/表B2_PJ6_算法最优均值标准差与统计检验汇总表.csv,9c3190e0afc3dbcbd23cc3185e4be64d84c13a885ae31b7e6cb8afe6442dd22c
historical-exploratory-free-endpoint-unequal-NFE,benchmark PJ6,NSGA-II,Mean F,12.8859,F,多算法对比/tables/表B2_PJ6_算法最优均值标准差与统计检验汇总表.csv,9c3190e0afc3dbcbd23cc3185e4be64d84c13a885ae31b7e6cb8afe6442dd22c
historical-exploratory-free-endpoint-unequal-NFE,benchmark PJ6,NSGA-II,Std F,0.7330,F,多算法对比/tables/表B2_PJ6_算法最优均值标准差与统计检验汇总表.csv,9c3190e0afc3dbcbd23cc3185e4be64d84c13a885ae31b7e6cb8afe6442dd22c
historical-exploratory-free-endpoint-unequal-NFE,benchmark PJ6,NSGA-II,Wilcoxon p (vs IJS),1.57e-04,p,多算法对比/tables/表B2_PJ6_算法最优均值标准差与统计检验汇总表.csv,9c3190e0afc3dbcbd23cc3185e4be64d84c13a885ae31b7e6cb8afe6442dd22c
historical-exploratory-free-endpoint-unequal-NFE,benchmark PJ6,GA,Mean F,25.6024,F,多算法对比/tables/表B2_PJ6_算法最优均值标准差与统计检验汇总表.csv,9c3190e0afc3dbcbd23cc3185e4be64d84c13a885ae31b7e6cb8afe6442dd22c
historical-exploratory-free-endpoint-unequal-NFE,benchmark PJ6,GA,Std F,1.0630,F,多算法对比/tables/表B2_PJ6_算法最优均值标准差与统计检验汇总表.csv,9c3190e0afc3dbcbd23cc3185e4be64d84c13a885ae31b7e6cb8afe6442dd22c
historical-exploratory-free-endpoint-unequal-NFE,benchmark PJ6,GA,Wilcoxon p (vs IJS),1.57e-04,p,多算法对比/tables/表B2_PJ6_算法最优均值标准差与统计检验汇总表.csv,9c3190e0afc3dbcbd23cc3185e4be64d84c13a885ae31b7e6cb8afe6442dd22c
historical-exploratory-free-endpoint-unequal-NFE,benchmark PJ6,PSO,Mean F,32.7437,F,多算法对比/tables/表B2_PJ6_算法最优均值标准差与统计检验汇总表.csv,9c3190e0afc3dbcbd23cc3185e4be64d84c13a885ae31b7e6cb8afe6442dd22c
historical-exploratory-free-endpoint-unequal-NFE,benchmark PJ6,PSO,Std F,0.6336,F,多算法对比/tables/表B2_PJ6_算法最优均值标准差与统计检验汇总表.csv,9c3190e0afc3dbcbd23cc3185e4be64d84c13a885ae31b7e6cb8afe6442dd22c
historical-exploratory-free-endpoint-unequal-NFE,benchmark PJ6,PSO,Wilcoxon p (vs IJS),1.57e-04,p,多算法对比/tables/表B2_PJ6_算法最优均值标准差与统计检验汇总表.csv,9c3190e0afc3dbcbd23cc3185e4be64d84c13a885ae31b7e6cb8afe6442dd22c
historical-exploratory-free-endpoint-unequal-NFE,benchmark PJ6,GWO,Mean F,3.2157,F,多算法对比/tables/表B2_PJ6_算法最优均值标准差与统计检验汇总表.csv,9c3190e0afc3dbcbd23cc3185e4be64d84c13a885ae31b7e6cb8afe6442dd22c
historical-exploratory-free-endpoint-unequal-NFE,benchmark PJ6,GWO,Std F,1.5706,F,多算法对比/tables/表B2_PJ6_算法最优均值标准差与统计检验汇总表.csv,9c3190e0afc3dbcbd23cc3185e4be64d84c13a885ae31b7e6cb8afe6442dd22c
historical-exploratory-free-endpoint-unequal-NFE,benchmark PJ6,GWO,Wilcoxon p (vs IJS),1.57e-04,p,多算法对比/tables/表B2_PJ6_算法最优均值标准差与统计检验汇总表.csv,9c3190e0afc3dbcbd23cc3185e4be64d84c13a885ae31b7e6cb8afe6442dd22c
historical-exploratory-free-endpoint,historical spectral-width sensitivity,row-1,Corridor half-width (m),200,as-source,敏感性分析（平、纵联合，重优化）/tables/表D9_走廊带半宽敏感性.csv,7053b31e948c7bc5c5c19a62c8dc0e14ea9b9866e6f789dfc3e71f318721e7e2
historical-exploratory-free-endpoint,historical spectral-width sensitivity,row-1,C (10^8 RMB),25.6779,as-source,敏感性分析（平、纵联合，重优化）/tables/表D9_走廊带半宽敏感性.csv,7053b31e948c7bc5c5c19a62c8dc0e14ea9b9866e6f789dfc3e71f318721e7e2
historical-exploratory-free-endpoint,historical spectral-width sensitivity,row-1,E (10^8 RMB),13.5627,as-source,敏感性分析（平、纵联合，重优化）/tables/表D9_走廊带半宽敏感性.csv,7053b31e948c7bc5c5c19a62c8dc0e14ea9b9866e6f789dfc3e71f318721e7e2
historical-exploratory-free-endpoint,historical spectral-width sensitivity,row-1,L (km),22.470,as-source,敏感性分析（平、纵联合，重优化）/tables/表D9_走廊带半宽敏感性.csv,7053b31e948c7bc5c5c19a62c8dc0e14ea9b9866e6f789dfc3e71f318721e7e2
historical-exploratory-free-endpoint,historical spectral-width sensitivity,row-1,Eco tunnel (km),1.15,as-source,敏感性分析（平、纵联合，重优化）/tables/表D9_走廊带半宽敏感性.csv,7053b31e948c7bc5c5c19a62c8dc0e14ea9b9866e6f789dfc3e71f318721e7e2
historical-exploratory-free-endpoint,historical spectral-width sensitivity,row-1,Rmin (m),422,as-source,敏感性分析（平、纵联合，重优化）/tables/表D9_走廊带半宽敏感性.csv,7053b31e948c7bc5c5c19a62c8dc0e14ea9b9866e6f789dfc3e71f318721e7e2
historical-exploratory-free-endpoint,historical spectral-width sensitivity,row-1,Penalty,0.00e+00,as-source,敏感性分析（平、纵联合，重优化）/tables/表D9_走廊带半宽敏感性.csv,7053b31e948c7bc5c5c19a62c8dc0e14ea9b9866e6f789dfc3e71f318721e7e2
historical-exploratory-free-endpoint,historical spectral-width sensitivity,row-2,Corridor half-width (m),250,as-source,敏感性分析（平、纵联合，重优化）/tables/表D9_走廊带半宽敏感性.csv,7053b31e948c7bc5c5c19a62c8dc0e14ea9b9866e6f789dfc3e71f318721e7e2
historical-exploratory-free-endpoint,historical spectral-width sensitivity,row-2,C (10^8 RMB),25.7139,as-source,敏感性分析（平、纵联合，重优化）/tables/表D9_走廊带半宽敏感性.csv,7053b31e948c7bc5c5c19a62c8dc0e14ea9b9866e6f789dfc3e71f318721e7e2
historical-exploratory-free-endpoint,historical spectral-width sensitivity,row-2,E (10^8 RMB),13.5618,as-source,敏感性分析（平、纵联合，重优化）/tables/表D9_走廊带半宽敏感性.csv,7053b31e948c7bc5c5c19a62c8dc0e14ea9b9866e6f789dfc3e71f318721e7e2
historical-exploratory-free-endpoint,historical spectral-width sensitivity,row-2,L (km),22.484,as-source,敏感性分析（平、纵联合，重优化）/tables/表D9_走廊带半宽敏感性.csv,7053b31e948c7bc5c5c19a62c8dc0e14ea9b9866e6f789dfc3e71f318721e7e2
historical-exploratory-free-endpoint,historical spectral-width sensitivity,row-2,Eco tunnel (km),1.15,as-source,敏感性分析（平、纵联合，重优化）/tables/表D9_走廊带半宽敏感性.csv,7053b31e948c7bc5c5c19a62c8dc0e14ea9b9866e6f789dfc3e71f318721e7e2
historical-exploratory-free-endpoint,historical spectral-width sensitivity,row-2,Rmin (m),422,as-source,敏感性分析（平、纵联合，重优化）/tables/表D9_走廊带半宽敏感性.csv,7053b31e948c7bc5c5c19a62c8dc0e14ea9b9866e6f789dfc3e71f318721e7e2
historical-exploratory-free-endpoint,historical spectral-width sensitivity,row-2,Penalty,0.00e+00,as-source,敏感性分析（平、纵联合，重优化）/tables/表D9_走廊带半宽敏感性.csv,7053b31e948c7bc5c5c19a62c8dc0e14ea9b9866e6f789dfc3e71f318721e7e2
historical-exploratory-free-endpoint,historical spectral-width sensitivity,row-3,Corridor half-width (m),500,as-source,敏感性分析（平、纵联合，重优化）/tables/表D9_走廊带半宽敏感性.csv,7053b31e948c7bc5c5c19a62c8dc0e14ea9b9866e6f789dfc3e71f318721e7e2
historical-exploratory-free-endpoint,historical spectral-width sensitivity,row-3,C (10^8 RMB),23.8310,as-source,敏感性分析（平、纵联合，重优化）/tables/表D9_走廊带半宽敏感性.csv,7053b31e948c7bc5c5c19a62c8dc0e14ea9b9866e6f789dfc3e71f318721e7e2
historical-exploratory-free-endpoint,historical spectral-width sensitivity,row-3,E (10^8 RMB),13.7004,as-source,敏感性分析（平、纵联合，重优化）/tables/表D9_走廊带半宽敏感性.csv,7053b31e948c7bc5c5c19a62c8dc0e14ea9b9866e6f789dfc3e71f318721e7e2
historical-exploratory-free-endpoint,historical spectral-width sensitivity,row-3,L (km),22.449,as-source,敏感性分析（平、纵联合，重优化）/tables/表D9_走廊带半宽敏感性.csv,7053b31e948c7bc5c5c19a62c8dc0e14ea9b9866e6f789dfc3e71f318721e7e2
historical-exploratory-free-endpoint,historical spectral-width sensitivity,row-3,Eco tunnel (km),0.09,as-source,敏感性分析（平、纵联合，重优化）/tables/表D9_走廊带半宽敏感性.csv,7053b31e948c7bc5c5c19a62c8dc0e14ea9b9866e6f789dfc3e71f318721e7e2
historical-exploratory-free-endpoint,historical spectral-width sensitivity,row-3,Rmin (m),401,as-source,敏感性分析（平、纵联合，重优化）/tables/表D9_走廊带半宽敏感性.csv,7053b31e948c7bc5c5c19a62c8dc0e14ea9b9866e6f789dfc3e71f318721e7e2
historical-exploratory-free-endpoint,historical spectral-width sensitivity,row-3,Penalty,0.00e+00,as-source,敏感性分析（平、纵联合，重优化）/tables/表D9_走廊带半宽敏感性.csv,7053b31e948c7bc5c5c19a62c8dc0e14ea9b9866e6f789dfc3e71f318721e7e2
historical-exploratory-free-endpoint,historical spectral-width sensitivity,row-4,Corridor half-width (m),1000,as-source,敏感性分析（平、纵联合，重优化）/tables/表D9_走廊带半宽敏感性.csv,7053b31e948c7bc5c5c19a62c8dc0e14ea9b9866e6f789dfc3e71f318721e7e2
historical-exploratory-free-endpoint,historical spectral-width sensitivity,row-4,C (10^8 RMB),23.2756,as-source,敏感性分析（平、纵联合，重优化）/tables/表D9_走廊带半宽敏感性.csv,7053b31e948c7bc5c5c19a62c8dc0e14ea9b9866e6f789dfc3e71f318721e7e2
historical-exploratory-free-endpoint,historical spectral-width sensitivity,row-4,E (10^8 RMB),13.5137,as-source,敏感性分析（平、纵联合，重优化）/tables/表D9_走廊带半宽敏感性.csv,7053b31e948c7bc5c5c19a62c8dc0e14ea9b9866e6f789dfc3e71f318721e7e2
historical-exploratory-free-endpoint,historical spectral-width sensitivity,row-4,L (km),22.350,as-source,敏感性分析（平、纵联合，重优化）/tables/表D9_走廊带半宽敏感性.csv,7053b31e948c7bc5c5c19a62c8dc0e14ea9b9866e6f789dfc3e71f318721e7e2
historical-exploratory-free-endpoint,historical spectral-width sensitivity,row-4,Eco tunnel (km),0.00,as-source,敏感性分析（平、纵联合，重优化）/tables/表D9_走廊带半宽敏感性.csv,7053b31e948c7bc5c5c19a62c8dc0e14ea9b9866e6f789dfc3e71f318721e7e2
historical-exploratory-free-endpoint,historical spectral-width sensitivity,row-4,Rmin (m),408,as-source,敏感性分析（平、纵联合，重优化）/tables/表D9_走廊带半宽敏感性.csv,7053b31e948c7bc5c5c19a62c8dc0e14ea9b9866e6f789dfc3e71f318721e7e2
historical-exploratory-free-endpoint,historical spectral-width sensitivity,row-4,Penalty,0.00e+00,as-source,敏感性分析（平、纵联合，重优化）/tables/表D9_走廊带半宽敏感性.csv,7053b31e948c7bc5c5c19a62c8dc0e14ea9b9866e6f789dfc3e71f318721e7e2
historical-exploratory-free-endpoint,historical spectral-width sensitivity,row-5,Corridor half-width (m),2000,as-source,敏感性分析（平、纵联合，重优化）/tables/表D9_走廊带半宽敏感性.csv,7053b31e948c7bc5c5c19a62c8dc0e14ea9b9866e6f789dfc3e71f318721e7e2
historical-exploratory-free-endpoint,historical spectral-width sensitivity,row-5,C (10^8 RMB),22.6806,as-source,敏感性分析（平、纵联合，重优化）/tables/表D9_走廊带半宽敏感性.csv,7053b31e948c7bc5c5c19a62c8dc0e14ea9b9866e6f789dfc3e71f318721e7e2
historical-exploratory-free-endpoint,historical spectral-width sensitivity,row-5,E (10^8 RMB),13.4983,as-source,敏感性分析（平、纵联合，重优化）/tables/表D9_走廊带半宽敏感性.csv,7053b31e948c7bc5c5c19a62c8dc0e14ea9b9866e6f789dfc3e71f318721e7e2
historical-exploratory-free-endpoint,historical spectral-width sensitivity,row-5,L (km),22.275,as-source,敏感性分析（平、纵联合，重优化）/tables/表D9_走廊带半宽敏感性.csv,7053b31e948c7bc5c5c19a62c8dc0e14ea9b9866e6f789dfc3e71f318721e7e2
historical-exploratory-free-endpoint,historical spectral-width sensitivity,row-5,Eco tunnel (km),0.01,as-source,敏感性分析（平、纵联合，重优化）/tables/表D9_走廊带半宽敏感性.csv,7053b31e948c7bc5c5c19a62c8dc0e14ea9b9866e6f789dfc3e71f318721e7e2
historical-exploratory-free-endpoint,historical spectral-width sensitivity,row-5,Rmin (m),416,as-source,敏感性分析（平、纵联合，重优化）/tables/表D9_走廊带半宽敏感性.csv,7053b31e948c7bc5c5c19a62c8dc0e14ea9b9866e6f789dfc3e71f318721e7e2
historical-exploratory-free-endpoint,historical spectral-width sensitivity,row-5,Penalty,0.00e+00,as-source,敏感性分析（平、纵联合，重优化）/tables/表D9_走廊带半宽敏感性.csv,7053b31e948c7bc5c5c19a62c8dc0e14ea9b9866e6f789dfc3e71f318721e7e2
historical-exploratory-free-endpoint,historical spectral-width sensitivity,row-6,Corridor half-width (m),2500,as-source,敏感性分析（平、纵联合，重优化）/tables/表D9_走廊带半宽敏感性.csv,7053b31e948c7bc5c5c19a62c8dc0e14ea9b9866e6f789dfc3e71f318721e7e2
historical-exploratory-free-endpoint,historical spectral-width sensitivity,row-6,C (10^8 RMB),22.3928,as-source,敏感性分析（平、纵联合，重优化）/tables/表D9_走廊带半宽敏感性.csv,7053b31e948c7bc5c5c19a62c8dc0e14ea9b9866e6f789dfc3e71f318721e7e2
historical-exploratory-free-endpoint,historical spectral-width sensitivity,row-6,E (10^8 RMB),13.7042,as-source,敏感性分析（平、纵联合，重优化）/tables/表D9_走廊带半宽敏感性.csv,7053b31e948c7bc5c5c19a62c8dc0e14ea9b9866e6f789dfc3e71f318721e7e2
historical-exploratory-free-endpoint,historical spectral-width sensitivity,row-6,L (km),22.494,as-source,敏感性分析（平、纵联合，重优化）/tables/表D9_走廊带半宽敏感性.csv,7053b31e948c7bc5c5c19a62c8dc0e14ea9b9866e6f789dfc3e71f318721e7e2
historical-exploratory-free-endpoint,historical spectral-width sensitivity,row-6,Eco tunnel (km),0.01,as-source,敏感性分析（平、纵联合，重优化）/tables/表D9_走廊带半宽敏感性.csv,7053b31e948c7bc5c5c19a62c8dc0e14ea9b9866e6f789dfc3e71f318721e7e2
historical-exploratory-free-endpoint,historical spectral-width sensitivity,row-6,Rmin (m),419,as-source,敏感性分析（平、纵联合，重优化）/tables/表D9_走廊带半宽敏感性.csv,7053b31e948c7bc5c5c19a62c8dc0e14ea9b9866e6f789dfc3e71f318721e7e2
historical-exploratory-free-endpoint,historical spectral-width sensitivity,row-6,Penalty,0.00e+00,as-source,敏感性分析（平、纵联合，重优化）/tables/表D9_走廊带半宽敏感性.csv,7053b31e948c7bc5c5c19a62c8dc0e14ea9b9866e6f789dfc3e71f318721e7e2
historical-exploratory-free-endpoint,historical bridge-extension sensitivity,row-1,E_ext per side (m),50,as-source,敏感性分析（平、纵联合，重优化）/tables/表D10_交叉桥延伸Eext敏感性.csv,4b3ecb68c172af4f5cb2ba061a25aee4bdad04fddd8e711741ab42796ae6c25f
historical-exploratory-free-endpoint,historical bridge-extension sensitivity,row-1,C (10^8 RMB),22.8066,as-source,敏感性分析（平、纵联合，重优化）/tables/表D10_交叉桥延伸Eext敏感性.csv,4b3ecb68c172af4f5cb2ba061a25aee4bdad04fddd8e711741ab42796ae6c25f
historical-exploratory-free-endpoint,historical bridge-extension sensitivity,row-1,E (10^8 RMB),13.5446,as-source,敏感性分析（平、纵联合，重优化）/tables/表D10_交叉桥延伸Eext敏感性.csv,4b3ecb68c172af4f5cb2ba061a25aee4bdad04fddd8e711741ab42796ae6c25f
historical-exploratory-free-endpoint,historical bridge-extension sensitivity,row-1,L (km),22.383,as-source,敏感性分析（平、纵联合，重优化）/tables/表D10_交叉桥延伸Eext敏感性.csv,4b3ecb68c172af4f5cb2ba061a25aee4bdad04fddd8e711741ab42796ae6c25f
historical-exploratory-free-endpoint,historical bridge-extension sensitivity,row-1,Penalty,0.00e+00,as-source,敏感性分析（平、纵联合，重优化）/tables/表D10_交叉桥延伸Eext敏感性.csv,4b3ecb68c172af4f5cb2ba061a25aee4bdad04fddd8e711741ab42796ae6c25f
historical-exploratory-free-endpoint,historical bridge-extension sensitivity,row-2,E_ext per side (m),75,as-source,敏感性分析（平、纵联合，重优化）/tables/表D10_交叉桥延伸Eext敏感性.csv,4b3ecb68c172af4f5cb2ba061a25aee4bdad04fddd8e711741ab42796ae6c25f
historical-exploratory-free-endpoint,historical bridge-extension sensitivity,row-2,C (10^8 RMB),23.5512,as-source,敏感性分析（平、纵联合，重优化）/tables/表D10_交叉桥延伸Eext敏感性.csv,4b3ecb68c172af4f5cb2ba061a25aee4bdad04fddd8e711741ab42796ae6c25f
historical-exploratory-free-endpoint,historical bridge-extension sensitivity,row-2,E (10^8 RMB),13.5606,as-source,敏感性分析（平、纵联合，重优化）/tables/表D10_交叉桥延伸Eext敏感性.csv,4b3ecb68c172af4f5cb2ba061a25aee4bdad04fddd8e711741ab42796ae6c25f
historical-exploratory-free-endpoint,historical bridge-extension sensitivity,row-2,L (km),22.361,as-source,敏感性分析（平、纵联合，重优化）/tables/表D10_交叉桥延伸Eext敏感性.csv,4b3ecb68c172af4f5cb2ba061a25aee4bdad04fddd8e711741ab42796ae6c25f
historical-exploratory-free-endpoint,historical bridge-extension sensitivity,row-2,Penalty,0.00e+00,as-source,敏感性分析（平、纵联合，重优化）/tables/表D10_交叉桥延伸Eext敏感性.csv,4b3ecb68c172af4f5cb2ba061a25aee4bdad04fddd8e711741ab42796ae6c25f
historical-exploratory-free-endpoint,historical bridge-extension sensitivity,row-3,E_ext per side (m),100,as-source,敏感性分析（平、纵联合，重优化）/tables/表D10_交叉桥延伸Eext敏感性.csv,4b3ecb68c172af4f5cb2ba061a25aee4bdad04fddd8e711741ab42796ae6c25f
historical-exploratory-free-endpoint,historical bridge-extension sensitivity,row-3,C (10^8 RMB),24.7364,as-source,敏感性分析（平、纵联合，重优化）/tables/表D10_交叉桥延伸Eext敏感性.csv,4b3ecb68c172af4f5cb2ba061a25aee4bdad04fddd8e711741ab42796ae6c25f
historical-exploratory-free-endpoint,historical bridge-extension sensitivity,row-3,E (10^8 RMB),13.5611,as-source,敏感性分析（平、纵联合，重优化）/tables/表D10_交叉桥延伸Eext敏感性.csv,4b3ecb68c172af4f5cb2ba061a25aee4bdad04fddd8e711741ab42796ae6c25f
historical-exploratory-free-endpoint,historical bridge-extension sensitivity,row-3,L (km),22.464,as-source,敏感性分析（平、纵联合，重优化）/tables/表D10_交叉桥延伸Eext敏感性.csv,4b3ecb68c172af4f5cb2ba061a25aee4bdad04fddd8e711741ab42796ae6c25f
historical-exploratory-free-endpoint,historical bridge-extension sensitivity,row-3,Penalty,0.00e+00,as-source,敏感性分析（平、纵联合，重优化）/tables/表D10_交叉桥延伸Eext敏感性.csv,4b3ecb68c172af4f5cb2ba061a25aee4bdad04fddd8e711741ab42796ae6c25f
