source_commit,source_file,sha256
c1327df1ea2dc64cdde826bcb1df7141d80a0533,优化方案对比（平面、纵断面联合协同优化）/results/joint_results.json,641557fb3a436f1c07917a614c90f1652a04a5e5f092a027036e4bf30325b88d
c1327df1ea2dc64cdde826bcb1df7141d80a0533,优化方案对比（平面、纵断面联合协同优化）/results/twostage_results.json,fa8b4d25bf7a7f00a20d9c1f07641bfab93cb35664c317fd94aa4ede211b4b45
c1327df1ea2dc64cdde826bcb1df7141d80a0533,消融实验/tables/表A2_各变体性能对比表.csv,a97144b81eff762eb64ced80abf52c62f0af704c5d2029b583dd758538aefa8d
c1327df1ea2dc64cdde826bcb1df7141d80a0533,多算法对比/tables/表B1_六规模运行时间与最优效益对比表.csv,a258322983456846db257775b96032810e0b8ba5e514cae9fef1dd73466b7c95
c1327df1ea2dc64cdde826bcb1df7141d80a0533,多算法对比/tables/表B2_PJ1_算法最优均值标准差与统计检验汇总表.csv,bf651586d9e03a0a8c45c5b9327e632d6c62e98ea095a786f165a2d16baa7485
c1327df1ea2dc64cdde826bcb1df7141d80a0533,多算法对比/tables/表B2_PJ2_算法最优均值标准差与统计检验汇总表.csv,99d2fe64adce45e0d47ddfb52d2a4bc07a4388ad5125ac3d90b7ab7beba8efa9
c1327df1ea2dc64cdde826bcb1df7141d80a0533,多算法对比/tables/表B2_PJ3_算法最优均值标准差与统计检验汇总表.csv,848f5f5a55a4c84142614bc975aa8f5e6a9844f5d44512071dfa0eef7019beef
c1327df1ea2dc64cdde826bcb1df7141d80a0533,多算法对比/tables/表B2_PJ4_算法最优均值标准差与统计检验汇总表.csv,84b59d85ee8a3f341f5a3654e835ec893e89a4a3c1bf99d32acc9227a46fb8d0
c1327df1ea2dc64cdde826bcb1df7141d80a0533,多算法对比/tables/表B2_PJ5_算法最优均值标准差与统计检验汇总表.csv,e2dbbfc109da9d84931237691768da1dc6ecf634f516e59ef7aa980d7d4a795a
c1327df1ea2dc64cdde826bcb1df7141d80a0533,多算法对比/tables/表B2_PJ6_算法最优均值标准差与统计检验汇总表.csv,9c3190e0afc3dbcbd23cc3185e4be64d84c13a885ae31b7e6cb8afe6442dd22c
c1327df1ea2dc64cdde826bcb1df7141d80a0533,多算法对比/tables/表B4_可行性与最优解工程指标.csv,7bbd50f60f239a670dd946e98cd9ee40fd40789c1f53b8bf156fa2ba789ccb47
c1327df1ea2dc64cdde826bcb1df7141d80a0533,敏感性分析（平、纵联合，重优化）/tables/表D1_权重前沿分区特征表_重优化.csv,74cc225fe6a0d6198d2b0d0228499c81de0e4f7753229d515c0b97ca999092f9
c1327df1ea2dc64cdde826bcb1df7141d80a0533,敏感性分析（平、纵联合，重优化）/tables/表D2_敏感性参数极值汇总表_重优化.csv,5bc9c8751022eeefff2286390fa5b7b368e79eb0fe0fae84ec3a63cf82582336
c1327df1ea2dc64cdde826bcb1df7141d80a0533,敏感性分析（平、纵联合，重优化）/tables/表D3_重优化线形几何响应_EV.csv,20b42c804f8d60b913f8df4b736221fc68a6e300e482e1271318fb8f07965d45
c1327df1ea2dc64cdde826bcb1df7141d80a0533,敏感性分析（平、纵联合，重优化）/tables/表D9_走廊带半宽敏感性.csv,7053b31e948c7bc5c5c19a62c8dc0e14ea9b9866e6f789dfc3e71f318721e7e2
c1327df1ea2dc64cdde826bcb1df7141d80a0533,敏感性分析（平、纵联合，重优化）/tables/表D10_交叉桥延伸Eext敏感性.csv,4b3ecb68c172af4f5cb2ba061a25aee4bdad04fddd8e711741ab42796ae6c25f
